host_id,timestamp,event_sequence,label,fault_type
0,1885,"SERVICESTART, DATANODE_REGISTER, BLOCKRECEIVED, TRANSFER, BLOCKRECEIVED, TRANSFER, REPLICATION_COMPLETED",Normal,NONE
0,33,"SERVICESTART, DATANODE_REGISTER, BLOCKRECEIVED, TRANSFER, BLOCKRECEIVED, TRANSFER, REPLICATION_COMPLETED",Normal,NONE
0,815,"SERVICESTART, DATANODE_REGISTER, BLOCKRECEIVED, TRANSFER, BLOCKREPORT, BLOCKREPORT, REPLICATION_COMPLETED",Normal,NONE
0,2922,"SERVICESTART, DATANODE_REGISTER, BLOCKRECEIVED, TRANSFER, BLOCKRECEIVED, TRANSFER, REPLICATION_COMPLETED",Normal,NONE
0,565,"SERVICESTART, DATANODE_REGISTER, BLOCKRECEIVED, TRANSFER, BLOCKRECEIVED, TRANSFER, REPLICATION_COMPLETED",Normal,NONE
0,3239,"SERVICESTART, DATANODE_REGISTER, BLOCKRECEIVED, TRANSFER, BLOCKREPORT, BLOCKREPORT, REPLICATION_COMPLETED",Normal,NONE
0,2702,"SERVICESTART, DATANODE_REGISTER, BLOCKRECEIVED, TRANSFER, BLOCKREPORT, REPLICATION_COMPLETED",Normal,NONE
0,2804,"SERVICESTART, DATANODE_REGISTER, BLOCKRECEIVED, TRANSFER, BLOCKRECEIVED, TRANSFER, REPLICATION_COMPLETED",Normal,NONE
0,869,"SERVICESTART, DATANODE_REGISTER, BLOCKRECEIVED, TRANSFER, BLOCKREPORT, BLOCKREPORT, REPLICATION_COMPLETED",Normal,NONE
0,1069,"SERVICESTART, DATANODE_REGISTER, BLOCKRECEIVED, TRANSFER, BLOCKREPORT, BLOCKREPORT, REPLICATION_COMPLETED",Normal,NONE
0,1634,"SERVICESTART, DATANODE_REGISTER, BLOCKRECEIVED, TRANSFER, BLOCKREPORT, BLOCKREPORT, REPLICATION_COMPLETED",Normal,NONE
0,1934,"SERVICESTART, DATANODE_REGISTER, BLOCKRECEIVED, TRANSFER, BLOCKREPORT, REPLICATION_COMPLETED",Normal,NONE
0,3031,"SERVICESTART, DATANODE_REGISTER, BLOCKRECEIVED, TRANSFER, BLOCKREPORT, BLOCKREPORT, REPLICATION_COMPLETED",Normal,NONE
0,2523,"SERVICESTART, DATANODE_REGISTER, BLOCKRECEIVED, TRANSFER, BLOCKREPORT, BLOCKREPORT, REPLICATION_COMPLETED",Normal,NONE
1,2435,"SERVICESTART, DATANODE_REGISTER, BLOCKRECEIVED, TRANSFER, ERROR_IO_EXCEPTION, RESTART, RECOVERBLOCK",Anomaly,IO_EXCEPTION
1,2960,"SERVICESTART, DATANODE_REGISTER, BLOCKRECEIVED, TRANSFER, BLOCKREPORT, REPLICATION_COMPLETED",Normal,NONE
1,3328,"SERVICESTART, DATANODE_REGISTER, BLOCKRECEIVED, TRANSFER, BLOCKRECEIVED, TRANSFER, REPLICATION_COMPLETED",Normal,NONE
1,3281,"SERVICESTART, DATANODE_REGISTER, BLOCKRECEIVED, TRANSFER, BLOCKREPORT, REPLICATION_COMPLETED",Normal,NONE
1,224,"SERVICESTART, DATANODE_REGISTER, BLOCKRECEIVED, TRANSFER, BLOCKRECEIVED, TRANSFER, REPLICATION_COMPLETED",Normal,NONE
1,3267,"SERVICESTART, DATANODE_REGISTER, BLOCKRECEIVED, TRANSFER, BLOCKREPORT, REPLICATION_COMPLETED",Normal,NONE
1,2260,"SERVICESTART, DATANODE_REGISTER, BLOCKRECEIVED, TRANSFER, BLOCKREPORT, BLOCKREPORT, REPLICATION_COMPLETED",Normal,NONE
1,1403,"SERVICESTART, DATANODE_REGISTER, BLOCKRECEIVED, TRANSFER, BLOCKREPORT, REPLICATION_COMPLETED",Normal,NONE
1,3522,"SERVICESTART, DATANODE_REGISTER, BLOCKRECEIVED, TRANSFER, BLOCKREPORT, BLOCKREPORT, REPLICATION_COMPLETED",Normal,NONE
1,409,"SERVICESTART, DATANODE_REGISTER, BLOCKRECEIVED, TRANSFER, BLOCKREPORT, REPLICATION_COMPLETED",Normal,NONE
1,3438,"SERVICESTART, DATANODE_REGISTER, BLOCKRECEIVED, TRANSFER, BLOCKREPORT, BLOCKREPORT, REPLICATION_COMPLETED",Normal,NONE
1,2859,"SERVICESTART, DATANODE_REGISTER, BLOCKRECEIVED, TRANSFER, BLOCKREPORT, REPLICATION_COMPLETED",Normal,NONE
1,3184,"SERVICESTART, DATANODE_REGISTER, BLOCKRECEIVED, TRANSFER, BLOCKRECEIVED, TRANSFER, REPLICATION_COMPLETED",Normal,NONE
1,22,"SERVICESTART, DATANODE_REGISTER, BLOCKRECEIVED, TRANSFER, BLOCKREPORT, REPLICATION_COMPLETED",Normal,NONE
1,744,"SERVICESTART, DATANODE_REGISTER, BLOCKRECEIVED, TRANSFER, BLOCKRECEIVED, TRANSFER, REPLICATION_COMPLETED",Normal,NONE
1,3035,"SERVICESTART, DATANODE_REGISTER, BLOCKRECEIVED, TRANSFER, BLOCKREPORT, BLOCKREPORT, REPLICATION_COMPLETED",Normal,NONE
1,3163,"SERVICESTART, DATANODE_REGISTER, BLOCKRECEIVED, TRANSFER, BLOCKREPORT, REPLICATION_COMPLETED",Normal,NONE
2,2751,"SERVICESTART, DATANODE_REGISTER, BLOCKRECEIVED, TRANSFER, ERROR_DISK_FAILURE, RECOVERBLOCK, RESTART",Anomaly,DISK_FAILURE
2,3312,"SERVICESTART, DATANODE_REGISTER, BLOCKRECEIVED, TRANSFER, BLOCKREPORT, BLOCKREPORT, REPLICATION_COMPLETED",Normal,NONE
2,2596,"SERVICESTART, DATANODE_REGISTER, BLOCKRECEIVED, TRANSFER, BLOCKREPORT, BLOCKREPORT, REPLICATION_COMPLETED",Normal,NONE
2,1688,"SERVICESTART, DATANODE_REGISTER, BLOCKRECEIVED, TRANSFER, BLOCKREPORT, REPLICATION_COMPLETED",Normal,NONE
2,3321,"SERVICESTART, DATANODE_REGISTER, BLOCKRECEIVED, TRANSFER, BLOCKREPORT, BLOCKREPORT, REPLICATION_COMPLETED",Normal,NONE
2,1360,"SERVICESTART, DATANODE_REGISTER, BLOCKRECEIVED, TRANSFER, BLOCKRECEIVED, TRANSFER, REPLICATION_COMPLETED",Normal,NONE
2,2728,"SERVICESTART, DATANODE_REGISTER, BLOCKRECEIVED, TRANSFER, BLOCKRECEIVED, TRANSFER, REPLICATION_COMPLETED",Normal,NONE
2,1508,"SERVICESTART, DATANODE_REGISTER, BLOCKRECEIVED, TRANSFER, BLOCKRECEIVED, TRANSFER, REPLICATION_COMPLETED",Normal,NONE
2,2135,"SERVICESTART, DATANODE_REGISTER, BLOCKRECEIVED, TRANSFER, BLOCKREPORT, BLOCKREPORT, REPLICATION_COMPLETED",Normal,NONE
2,3119,"SERVICESTART, DATANODE_REGISTER, BLOCKRECEIVED, TRANSFER, BLOCKREPORT, BLOCKREPORT, REPLICATION_COMPLETED",Normal,NONE
2,480,"SERVICESTART, DATANODE_REGISTER, BLOCKRECEIVED, TRANSFER, BLOCKREPORT, BLOCKREPORT, REPLICATION_COMPLETED",Normal,NONE
2,523,"SERVICESTART, DATANODE_REGISTER, BLOCKRECEIVED, TRANSFER, BLOCKREPORT, BLOCKREPORT, REPLICATION_COMPLETED",Normal,NONE
2,243,"SERVICESTART, DATANODE_REGISTER, BLOCKRECEIVED, TRANSFER, BLOCKREPORT, BLOCKREPORT, REPLICATION_COMPLETED",Normal,NONE
2,1220,"SERVICESTART, DATANODE_REGISTER, BLOCKRECEIVED, TRANSFER, BLOCKREPORT, REPLICATION_COMPLETED",Normal,NONE
2,234,"SERVICESTART, DATANODE_REGISTER, BLOCKRECEIVED, TRANSFER, BLOCKREPORT, BLOCKREPORT, REPLICATION_COMPLETED",Normal,NONE
2,3361,"SERVICESTART, DATANODE_REGISTER, BLOCKRECEIVED, TRANSFER, BLOCKREPORT, REPLICATION_COMPLETED",Normal,NONE
2,496,"SERVICESTART, DATANODE_REGISTER, BLOCKRECEIVED, TRANSFER, BLOCKRECEIVED, TRANSFER, REPLICATION_COMPLETED",Normal,NONE
2,2234,"SERVICESTART, DATANODE_REGISTER, BLOCKRECEIVED, TRANSFER, BLOCKRECEIVED, TRANSFER, REPLICATION_COMPLETED",Normal,NONE
2,3483,"SERVICESTART, DATANODE_REGISTER, BLOCKRECEIVED, TRANSFER, BLOCKREPORT, BLOCKREPORT, REPLICATION_COMPLETED",Normal,NONE
3,2883,"SERVICESTART, DATANODE_REGISTER, BLOCKRECEIVED, TRANSFER, BLOCKREPORT, BLOCKREPORT, REPLICATION_COMPLETED",Normal,NONE
3,3002,"SERVICESTART, DATANODE_REGISTER, BLOCKRECEIVED, TRANSFER, BLOCKRECEIVED, TRANSFER, REPLICATION_COMPLETED",Normal,NONE
3,3039,"SERVICESTART, DATANODE_REGISTER, BLOCKRECEIVED, TRANSFER, BLOCKRECEIVED, TRANSFER, REPLICATION_COMPLETED",Normal,NONE
3,792,"SERVICESTART, DATANODE_REGISTER, BLOCKRECEIVED, TRANSFER, BLOCKREPORT, REPLICATION_COMPLETED",Normal,NONE
3,2400,"SERVICESTART, DATANODE_REGISTER, BLOCKRECEIVED, TRANSFER, BLOCKREPORT, BLOCKREPORT, REPLICATION_COMPLETED",Normal,NONE
3,105,"SERVICESTART, DATANODE_REGISTER, BLOCKRECEIVED, TRANSFER, BLOCKRECEIVED, TRANSFER, REPLICATION_COMPLETED",Normal,NONE
3,641,"SERVICESTART, DATANODE_REGISTER, BLOCKRECEIVED, TRANSFER, BLOCKREPORT, REPLICATION_COMPLETED",Normal,NONE
3,564,"SERVICESTART, DATANODE_REGISTER, BLOCKRECEIVED, TRANSFER, BLOCKRECEIVED, TRANSFER, REPLICATION_COMPLETED",Normal,NONE
3,3368,"SERVICESTART, DATANODE_REGISTER, BLOCKRECEIVED, TRANSFER, BLOCKREPORT, BLOCKREPORT, REPLICATION_COMPLETED",Normal,NONE
3,2236,"SERVICESTART, DATANODE_REGISTER, BLOCKRECEIVED, TRANSFER, BLOCKREPORT, BLOCKREPORT, REPLICATION_COMPLETED",Normal,NONE
3,2590,"SERVICESTART, DATANODE_REGISTER, BLOCKRECEIVED, TRANSFER, BLOCKRECEIVED, TRANSFER, REPLICATION_COMPLETED",Normal,NONE
3,257,"SERVICESTART, DATANODE_REGISTER, BLOCKRECEIVED, TRANSFER, BLOCKREPORT, REPLICATION_COMPLETED",Normal,NONE
3,1595,"SERVICESTART, DATANODE_REGISTER, BLOCKRECEIVED, TRANSFER, BLOCKRECEIVED, TRANSFER, REPLICATION_COMPLETED",Normal,NONE
3,1046,"SERVICESTART, DATANODE_REGISTER, BLOCKRECEIVED, TRANSFER, BLOCKREPORT, BLOCKREPORT, REPLICATION_COMPLETED",Normal,NONE
3,2232,"SERVICESTART, DATANODE_REGISTER, BLOCKRECEIVED, TRANSFER, BLOCKREPORT, BLOCKREPORT, REPLICATION_COMPLETED",Normal,NONE
3,3584,"SERVICESTART, DATANODE_REGISTER, BLOCKRECEIVED, TRANSFER, BLOCKREPORT, REPLICATION_COMPLETED",Normal,NONE
3,1711,"SERVICESTART, DATANODE_REGISTER, BLOCKRECEIVED, TRANSFER, BLOCKREPORT, REPLICATION_COMPLETED",Normal,NONE
3,167,"SERVICESTART, DATANODE_REGISTER, BLOCKRECEIVED, TRANSFER, BLOCKRECEIVED, TRANSFER, REPLICATION_COMPLETED",Normal,NONE
3,2068,"SERVICESTART, DATANODE_REGISTER, BLOCKRECEIVED, TRANSFER, BLOCKREPORT, BLOCKREPORT, REPLICATION_COMPLETED",Normal,NONE
4,3107,"SERVICESTART, DATANODE_REGISTER, BLOCKRECEIVED, TRANSFER, ERROR_DISK_FAILURE, RECOVERBLOCK, RESTART",Anomaly,DISK_FAILURE
4,591,"SERVICESTART, DATANODE_REGISTER, BLOCKRECEIVED, TRANSFER, BLOCKREPORT, REPLICATION_COMPLETED",Normal,NONE
4,1163,"SERVICESTART, DATANODE_REGISTER, BLOCKRECEIVED, TRANSFER, BLOCKREPORT, REPLICATION_COMPLETED",Normal,NONE
4,408,"SERVICESTART, DATANODE_REGISTER, BLOCKRECEIVED, TRANSFER, BLOCKREPORT, BLOCKREPORT, REPLICATION_COMPLETED",Normal,NONE
4,1304,"SERVICESTART, DATANODE_REGISTER, BLOCKRECEIVED, TRANSFER, BLOCKREPORT, REPLICATION_COMPLETED",Normal,NONE
4,2169,"SERVICESTART, DATANODE_REGISTER, BLOCKRECEIVED, TRANSFER, BLOCKREPORT, BLOCKREPORT, REPLICATION_COMPLETED",Normal,NONE
4,1879,"SERVICESTART, DATANODE_REGISTER, BLOCKRECEIVED, TRANSFER, BLOCKREPORT, BLOCKREPORT, REPLICATION_COMPLETED",Normal,NONE
4,1483,"SERVICESTART, DATANODE_REGISTER, BLOCKRECEIVED, TRANSFER, BLOCKREPORT, REPLICATION_COMPLETED",Normal,NONE
4,1062,"SERVICESTART, DATANODE_REGISTER, BLOCKRECEIVED, TRANSFER, BLOCKREPORT, BLOCKREPORT, REPLICATION_COMPLETED",Normal,NONE
4,864,"SERVICESTART, DATANODE_REGISTER, BLOCKRECEIVED, TRANSFER, BLOCKREPORT, REPLICATION_COMPLETED",Normal,NONE
4,216,"SERVICESTART, DATANODE_REGISTER, BLOCKRECEIVED, TRANSFER, BLOCKRECEIVED, TRANSFER, REPLICATION_COMPLETED",Normal,NONE
4,742,"SERVICESTART, DATANODE_REGISTER, BLOCKRECEIVED, TRANSFER, BLOCKRECEIVED, TRANSFER, REPLICATION_COMPLETED",Normal,NONE
4,3274,"SERVICESTART, DATANODE_REGISTER, BLOCKRECEIVED, TRANSFER, BLOCKREPORT, BLOCKREPORT, REPLICATION_COMPLETED",Normal,NONE
4,2855,"SERVICESTART, DATANODE_REGISTER, BLOCKRECEIVED, TRANSFER, BLOCKREPORT, BLOCKREPORT, REPLICATION_COMPLETED",Normal,NONE
4,1542,"SERVICESTART, DATANODE_REGISTER, BLOCKRECEIVED, TRANSFER, BLOCKREPORT, REPLICATION_COMPLETED",Normal,NONE
5,886,"SERVICESTART, DATANODE_REGISTER, BLOCKRECEIVED, TRANSFER, ERROR_NETWORK_TIMEOUT, RETRY, RETRY, REPLICATION_COMPLETED",Anomaly,NETWORK_TIMEOUT
5,2645,"SERVICESTART, DATANODE_REGISTER, BLOCKRECEIVED, TRANSFER, ERROR_CHECKSUM_MISMATCH, RECOVERBLOCK, REPLICATION_COMPLETED",Anomaly,CHECKSUM_ERROR
5,1571,"SERVICESTART, DATANODE_REGISTER, BLOCKRECEIVED, TRANSFER, BLOCKREPORT, BLOCKREPORT, REPLICATION_COMPLETED",Normal,NONE
5,800,"SERVICESTART, DATANODE_REGISTER, BLOCKRECEIVED, TRANSFER, BLOCKREPORT, REPLICATION_COMPLETED",Normal,NONE
5,1860,"SERVICESTART, DATANODE_REGISTER, BLOCKRECEIVED, TRANSFER, BLOCKREPORT, BLOCKREPORT, REPLICATION_COMPLETED",Normal,NONE
5,1490,"SERVICESTART, DATANODE_REGISTER, BLOCKRECEIVED, TRANSFER, BLOCKREPORT, BLOCKREPORT, REPLICATION_COMPLETED",Normal,NONE
5,2222,"SERVICESTART, DATANODE_REGISTER, BLOCKRECEIVED, TRANSFER, BLOCKRECEIVED, TRANSFER, REPLICATION_COMPLETED",Normal,NONE
5,2911,"SERVICESTART, DATANODE_REGISTER, BLOCKRECEIVED, TRANSFER, BLOCKREPORT, REPLICATION_COMPLETED",Normal,NONE
5,1082,"SERVICESTART, DATANODE_REGISTER, BLOCKRECEIVED, TRANSFER, BLOCKREPORT, REPLICATION_COMPLETED",Normal,NONE
5,405,"SERVICESTART, DATANODE_REGISTER, BLOCKRECEIVED, TRANSFER, BLOCKREPORT, BLOCKREPORT, REPLICATION_COMPLETED",Normal,NONE
5,2801,"SERVICESTART, DATANODE_REGISTER, BLOCKRECEIVED, TRANSFER, BLOCKREPORT, BLOCKREPORT, REPLICATION_COMPLETED",Normal,NONE
5,736,"SERVICESTART, DATANODE_REGISTER, BLOCKRECEIVED, TRANSFER, BLOCKRECEIVED, TRANSFER, REPLICATION_COMPLETED",Normal,NONE
5,2927,"SERVICESTART, DATANODE_REGISTER, BLOCKRECEIVED, TRANSFER, BLOCKRECEIVED, TRANSFER, REPLICATION_COMPLETED",Normal,NONE
5,1550,"SERVICESTART, DATANODE_REGISTER, BLOCKRECEIVED, TRANSFER, BLOCKREPORT, REPLICATION_COMPLETED",Normal,NONE
5,3256,"SERVICESTART, DATANODE_REGISTER, BLOCKRECEIVED, TRANSFER, BLOCKREPORT, REPLICATION_COMPLETED",Normal,NONE
5,3500,"SERVICESTART, DATANODE_REGISTER, BLOCKRECEIVED, TRANSFER, BLOCKREPORT, BLOCKREPORT, REPLICATION_COMPLETED",Normal,NONE
6,1843,"SERVICESTART, DATANODE_REGISTER, BLOCKRECEIVED, TRANSFER, ERROR_LEASE_EXPIRED, RECOVERBLOCK, ERROR_RESTART, RESTART",Anomaly,MEMORY_LEAK
6,1464,"SERVICESTART, DATANODE_REGISTER, BLOCKRECEIVED, TRANSFER, BLOCKREPORT, BLOCKREPORT, REPLICATION_COMPLETED",Normal,NONE
6,3160,"SERVICESTART, DATANODE_REGISTER, BLOCKRECEIVED, TRANSFER, BLOCKREPORT, BLOCKREPORT, REPLICATION_COMPLETED",Normal,NONE
6,2256,"SERVICESTART, DATANODE_REGISTER, BLOCKRECEIVED, TRANSFER, BLOCKREPORT, REPLICATION_COMPLETED",Normal,NONE
6,2402,"SERVICESTART, DATANODE_REGISTER, BLOCKRECEIVED, TRANSFER, BLOCKRECEIVED, TRANSFER, REPLICATION_COMPLETED",Normal,NONE
6,3322,"SERVICESTART, DATANODE_REGISTER, BLOCKRECEIVED, TRANSFER, BLOCKREPORT, REPLICATION_COMPLETED",Normal,NONE
6,2659,"SERVICESTART, DATANODE_REGISTER, BLOCKRECEIVED, TRANSFER, BLOCKREPORT, BLOCKREPORT, REPLICATION_COMPLETED",Normal,NONE
6,2710,"SERVICESTART, DATANODE_REGISTER, BLOCKRECEIVED, TRANSFER, BLOCKREPORT, REPLICATION_COMPLETED",Normal,NONE
6,1696,"SERVICESTART, DATANODE_REGISTER, BLOCKRECEIVED, TRANSFER, BLOCKREPORT, REPLICATION_COMPLETED",Normal,NONE
6,2286,"SERVICESTART, DATANODE_REGISTER, BLOCKRECEIVED, TRANSFER, BLOCKREPORT, BLOCKREPORT, REPLICATION_COMPLETED",Normal,NONE
6,314,"SERVICESTART, DATANODE_REGISTER, BLOCKRECEIVED, TRANSFER, BLOCKRECEIVED, TRANSFER, REPLICATION_COMPLETED",Normal,NONE
6,638,"SERVICESTART, DATANODE_REGISTER, BLOCKRECEIVED, TRANSFER, BLOCKRECEIVED, TRANSFER, REPLICATION_COMPLETED",Normal,NONE
7,750,"SERVICESTART, DATANODE_REGISTER, BLOCKRECEIVED, TRANSFER, BLOCKREPORT, REPLICATION_COMPLETED",Normal,NONE
7,144,"SERVICESTART, DATANODE_REGISTER, BLOCKRECEIVED, TRANSFER, BLOCKREPORT, BLOCKREPORT, REPLICATION_COMPLETED",Normal,NONE
7,2722,"SERVICESTART, DATANODE_REGISTER, BLOCKRECEIVED, TRANSFER, BLOCKREPORT, REPLICATION_COMPLETED",Normal,NONE
7,3068,"SERVICESTART, DATANODE_REGISTER, BLOCKRECEIVED, TRANSFER, BLOCKREPORT, BLOCKREPORT, REPLICATION_COMPLETED",Normal,NONE
7,2351,"SERVICESTART, DATANODE_REGISTER, BLOCKRECEIVED, TRANSFER, BLOCKREPORT, BLOCKREPORT, REPLICATION_COMPLETED",Normal,NONE
7,1016,"SERVICESTART, DATANODE_REGISTER, BLOCKRECEIVED, TRANSFER, BLOCKREPORT, REPLICATION_COMPLETED",Normal,NONE
7,960,"SERVICESTART, DATANODE_REGISTER, BLOCKRECEIVED, TRANSFER, BLOCKREPORT, REPLICATION_COMPLETED",Normal,NONE
7,1226,"SERVICESTART, DATANODE_REGISTER, BLOCKRECEIVED, TRANSFER, BLOCKREPORT, REPLICATION_COMPLETED",Normal,NONE
7,1670,"SERVICESTART, DATANODE_REGISTER, BLOCKRECEIVED, TRANSFER, BLOCKREPORT, REPLICATION_COMPLETED",Normal,NONE
7,2636,"SERVICESTART, DATANODE_REGISTER, BLOCKRECEIVED, TRANSFER, BLOCKRECEIVED, TRANSFER, REPLICATION_COMPLETED",Normal,NONE
7,1619,"SERVICESTART, DATANODE_REGISTER, BLOCKRECEIVED, TRANSFER, BLOCKRECEIVED, TRANSFER, REPLICATION_COMPLETED",Normal,NONE
7,1821,"SERVICESTART, DATANODE_REGISTER, BLOCKRECEIVED, TRANSFER, BLOCKREPORT, REPLICATION_COMPLETED",Normal,NONE
7,1605,"SERVICESTART, DATANODE_REGISTER, BLOCKRECEIVED, TRANSFER, BLOCKRECEIVED, TRANSFER, REPLICATION_COMPLETED",Normal,NONE
8,3221,"SERVICESTART, DATANODE_REGISTER, BLOCKRECEIVED, TRANSFER, BLOCKREPORT, REPLICATION_COMPLETED",Normal,NONE
8,882,"SERVICESTART, DATANODE_REGISTER, BLOCKRECEIVED, TRANSFER, BLOCKRECEIVED, TRANSFER, REPLICATION_COMPLETED",Normal,NONE
8,2083,"SERVICESTART, DATANODE_REGISTER, BLOCKRECEIVED, TRANSFER, BLOCKRECEIVED, TRANSFER, REPLICATION_COMPLETED",Normal,NONE
8,745,"SERVICESTART, DATANODE_REGISTER, BLOCKRECEIVED, TRANSFER, BLOCKREPORT, BLOCKREPORT, REPLICATION_COMPLETED",Normal,NONE
8,3109,"SERVICESTART, DATANODE_REGISTER, BLOCKRECEIVED, TRANSFER, BLOCKREPORT, BLOCKREPORT, REPLICATION_COMPLETED",Normal,NONE
8,697,"SERVICESTART, DATANODE_REGISTER, BLOCKRECEIVED, TRANSFER, BLOCKRECEIVED, TRANSFER, REPLICATION_COMPLETED",Normal,NONE
8,2975,"SERVICESTART, DATANODE_REGISTER, BLOCKRECEIVED, TRANSFER, BLOCKREPORT, REPLICATION_COMPLETED",Normal,NONE
8,2891,"SERVICESTART, DATANODE_REGISTER, BLOCKRECEIVED, TRANSFER, BLOCKRECEIVED, TRANSFER, REPLICATION_COMPLETED",Normal,NONE
8,2104,"SERVICESTART, DATANODE_REGISTER, BLOCKRECEIVED, TRANSFER, BLOCKREPORT, REPLICATION_COMPLETED",Normal,NONE
8,2126,"SERVICESTART, DATANODE_REGISTER, BLOCKRECEIVED, TRANSFER, BLOCKRECEIVED, TRANSFER, REPLICATION_COMPLETED",Normal,NONE
8,2077,"SERVICESTART, DATANODE_REGISTER, BLOCKRECEIVED, TRANSFER, BLOCKREPORT, REPLICATION_COMPLETED",Normal,NONE
8,1612,"SERVICESTART, DATANODE_REGISTER, BLOCKRECEIVED, TRANSFER, BLOCKREPORT, BLOCKREPORT, REPLICATION_COMPLETED",Normal,NONE
8,1711,"SERVICESTART, DATANODE_REGISTER, BLOCKRECEIVED, TRANSFER, BLOCKREPORT, BLOCKREPORT, REPLICATION_COMPLETED",Normal,NONE
8,3200,"SERVICESTART, DATANODE_REGISTER, BLOCKRECEIVED, TRANSFER, BLOCKRECEIVED, TRANSFER, REPLICATION_COMPLETED",Normal,NONE
8,1318,"SERVICESTART, DATANODE_REGISTER, BLOCKRECEIVED, TRANSFER, BLOCKRECEIVED, TRANSFER, REPLICATION_COMPLETED",Normal,NONE
8,392,"SERVICESTART, DATANODE_REGISTER, BLOCKRECEIVED, TRANSFER, BLOCKREPORT, REPLICATION_COMPLETED",Normal,NONE
8,643,"SERVICESTART, DATANODE_REGISTER, BLOCKRECEIVED, TRANSFER, BLOCKREPORT, REPLICATION_COMPLETED",Normal,NONE
9,2809,"SERVICESTART, DATANODE_REGISTER, BLOCKRECEIVED, TRANSFER, ERROR_DISK_FAILURE, RECOVERBLOCK, RESTART",Anomaly,DISK_FAILURE
9,3206,"SERVICESTART, DATANODE_REGISTER, BLOCKRECEIVED, TRANSFER, BLOCKREPORT, REPLICATION_COMPLETED",Normal,NONE
9,402,"SERVICESTART, DATANODE_REGISTER, BLOCKRECEIVED, TRANSFER, BLOCKRECEIVED, TRANSFER, REPLICATION_COMPLETED",Normal,NONE
9,3387,"SERVICESTART, DATANODE_REGISTER, BLOCKRECEIVED, TRANSFER, BLOCKREPORT, BLOCKREPORT, REPLICATION_COMPLETED",Normal,NONE
9,873,"SERVICESTART, DATANODE_REGISTER, BLOCKRECEIVED, TRANSFER, BLOCKREPORT, REPLICATION_COMPLETED",Normal,NONE
9,102,"SERVICESTART, DATANODE_REGISTER, BLOCKRECEIVED, TRANSFER, BLOCKREPORT, BLOCKREPORT, REPLICATION_COMPLETED",Normal,NONE
9,3561,"SERVICESTART, DATANODE_REGISTER, BLOCKRECEIVED, TRANSFER, BLOCKREPORT, BLOCKREPORT, REPLICATION_COMPLETED",Normal,NONE
9,522,"SERVICESTART, DATANODE_REGISTER, BLOCKRECEIVED, TRANSFER, BLOCKRECEIVED, TRANSFER, REPLICATION_COMPLETED",Normal,NONE
9,3163,"SERVICESTART, DATANODE_REGISTER, BLOCKRECEIVED, TRANSFER, BLOCKREPORT, BLOCKREPORT, REPLICATION_COMPLETED",Normal,NONE
9,2125,"SERVICESTART, DATANODE_REGISTER, BLOCKRECEIVED, TRANSFER, BLOCKREPORT, REPLICATION_COMPLETED",Normal,NONE
9,3333,"SERVICESTART, DATANODE_REGISTER, BLOCKRECEIVED, TRANSFER, BLOCKREPORT, REPLICATION_COMPLETED",Normal,NONE
9,1670,"SERVICESTART, DATANODE_REGISTER, BLOCKRECEIVED, TRANSFER, BLOCKREPORT, REPLICATION_COMPLETED",Normal,NONE
9,1980,"SERVICESTART, DATANODE_REGISTER, BLOCKRECEIVED, TRANSFER, BLOCKREPORT, BLOCKREPORT, REPLICATION_COMPLETED",Normal,NONE
9,2161,"SERVICESTART, DATANODE_REGISTER, BLOCKRECEIVED, TRANSFER, BLOCKREPORT, BLOCKREPORT, REPLICATION_COMPLETED",Normal,NONE
9,2070,"SERVICESTART, DATANODE_REGISTER, BLOCKRECEIVED, TRANSFER, BLOCKREPORT, REPLICATION_COMPLETED",Normal,NONE
9,2728,"SERVICESTART, DATANODE_REGISTER, BLOCKRECEIVED, TRANSFER, BLOCKRECEIVED, TRANSFER, REPLICATION_COMPLETED",Normal,NONE
9,1059,"SERVICESTART, DATANODE_REGISTER, BLOCKRECEIVED, TRANSFER, BLOCKREPORT, REPLICATION_COMPLETED",Normal,NONE
9,2594,"SERVICESTART, DATANODE_REGISTER, BLOCKRECEIVED, TRANSFER, BLOCKRECEIVED, TRANSFER, REPLICATION_COMPLETED",Normal,NONE
9,878,"SERVICESTART, DATANODE_REGISTER, BLOCKRECEIVED, TRANSFER, BLOCKREPORT, REPLICATION_COMPLETED",Normal,NONE
9,1474,"SERVICESTART, DATANODE_REGISTER, BLOCKRECEIVED, TRANSFER, BLOCKRECEIVED, TRANSFER, REPLICATION_COMPLETED",Normal,NONE
9,1747,"SERVICESTART, DATANODE_REGISTER, BLOCKRECEIVED, TRANSFER, BLOCKRECEIVED, TRANSFER, REPLICATION_COMPLETED",Normal,NONE
10,1575,"SERVICESTART, DATANODE_REGISTER, BLOCKRECEIVED, TRANSFER, ERROR_IO_EXCEPTION, RESTART, RECOVERBLOCK",Anomaly,IO_EXCEPTION
10,2583,"SERVICESTART, DATANODE_REGISTER, BLOCKRECEIVED, TRANSFER, ERROR_NETWORK_TIMEOUT, RETRY, RETRY, REPLICATION_COMPLETED",Anomaly,NETWORK_TIMEOUT
10,185,"SERVICESTART, DATANODE_REGISTER, BLOCKRECEIVED, TRANSFER, BLOCKREPORT, BLOCKREPORT, REPLICATION_COMPLETED",Normal,NONE
10,2879,"SERVICESTART, DATANODE_REGISTER, BLOCKRECEIVED, TRANSFER, BLOCKREPORT, BLOCKREPORT, REPLICATION_COMPLETED",Normal,NONE
10,3496,"SERVICESTART, DATANODE_REGISTER, BLOCKRECEIVED, TRANSFER, BLOCKREPORT, REPLICATION_COMPLETED",Normal,NONE
10,1941,"SERVICESTART, DATANODE_REGISTER, BLOCKRECEIVED, TRANSFER, BLOCKRECEIVED, TRANSFER, REPLICATION_COMPLETED",Normal,NONE
10,2485,"SERVICESTART, DATANODE_REGISTER, BLOCKRECEIVED, TRANSFER, BLOCKREPORT, REPLICATION_COMPLETED",Normal,NONE
10,1198,"SERVICESTART, DATANODE_REGISTER, BLOCKRECEIVED, TRANSFER, BLOCKREPORT, REPLICATION_COMPLETED",Normal,NONE
10,1822,"SERVICESTART, DATANODE_REGISTER, BLOCKRECEIVED, TRANSFER, BLOCKRECEIVED, TRANSFER, REPLICATION_COMPLETED",Normal,NONE
10,1369,"SERVICESTART, DATANODE_REGISTER, BLOCKRECEIVED, TRANSFER, BLOCKREPORT, BLOCKREPORT, REPLICATION_COMPLETED",Normal,NONE
10,136,"SERVICESTART, DATANODE_REGISTER, BLOCKRECEIVED, TRANSFER, BLOCKRECEIVED, TRANSFER, REPLICATION_COMPLETED",Normal,NONE
10,1362,"SERVICESTART, DATANODE_REGISTER, BLOCKRECEIVED, TRANSFER, BLOCKREPORT, REPLICATION_COMPLETED",Normal,NONE
10,3194,"SERVICESTART, DATANODE_REGISTER, BLOCKRECEIVED, TRANSFER, BLOCKRECEIVED, TRANSFER, REPLICATION_COMPLETED",Normal,NONE
10,2144,"SERVICESTART, DATANODE_REGISTER, BLOCKRECEIVED, TRANSFER, BLOCKRECEIVED, TRANSFER, REPLICATION_COMPLETED",Normal,NONE
10,728,"SERVICESTART, DATANODE_REGISTER, BLOCKRECEIVED, TRANSFER, BLOCKRECEIVED, TRANSFER, REPLICATION_COMPLETED",Normal,NONE
10,2262,"SERVICESTART, DATANODE_REGISTER, BLOCKRECEIVED, TRANSFER, BLOCKRECEIVED, TRANSFER, REPLICATION_COMPLETED",Normal,NONE
10,1311,"SERVICESTART, DATANODE_REGISTER, BLOCKRECEIVED, TRANSFER, BLOCKRECEIVED, TRANSFER, REPLICATION_COMPLETED",Normal,NONE
10,2525,"SERVICESTART, DATANODE_REGISTER, BLOCKRECEIVED, TRANSFER, BLOCKREPORT, BLOCKREPORT, REPLICATION_COMPLETED",Normal,NONE
10,354,"SERVICESTART, DATANODE_REGISTER, BLOCKRECEIVED, TRANSFER, BLOCKREPORT, REPLICATION_COMPLETED",Normal,NONE
11,3112,"SERVICESTART, DATANODE_REGISTER, BLOCKRECEIVED, TRANSFER, BLOCKRECEIVED, TRANSFER, REPLICATION_COMPLETED",Normal,NONE
11,2782,"SERVICESTART, DATANODE_REGISTER, BLOCKRECEIVED, TRANSFER, BLOCKREPORT, BLOCKREPORT, REPLICATION_COMPLETED",Normal,NONE
11,3335,"SERVICESTART, DATANODE_REGISTER, BLOCKRECEIVED, TRANSFER, BLOCKREPORT, REPLICATION_COMPLETED",Normal,NONE
11,3021,"SERVICESTART, DATANODE_REGISTER, BLOCKRECEIVED, TRANSFER, BLOCKREPORT, REPLICATION_COMPLETED",Normal,NONE
11,3306,"SERVICESTART, DATANODE_REGISTER, BLOCKRECEIVED, TRANSFER, BLOCKRECEIVED, TRANSFER, REPLICATION_COMPLETED",Normal,NONE
11,152,"SERVICESTART, DATANODE_REGISTER, BLOCKRECEIVED, TRANSFER, BLOCKREPORT, REPLICATION_COMPLETED",Normal,NONE
11,1087,"SERVICESTART, DATANODE_REGISTER, BLOCKRECEIVED, TRANSFER, BLOCKREPORT, BLOCKREPORT, REPLICATION_COMPLETED",Normal,NONE
11,1528,"SERVICESTART, DATANODE_REGISTER, BLOCKRECEIVED, TRANSFER, BLOCKREPORT, BLOCKREPORT, REPLICATION_COMPLETED",Normal,NONE
11,357,"SERVICESTART, DATANODE_REGISTER, BLOCKRECEIVED, TRANSFER, BLOCKREPORT, BLOCKREPORT, REPLICATION_COMPLETED",Normal,NONE
11,1149,"SERVICESTART, DATANODE_REGISTER, BLOCKRECEIVED, TRANSFER, BLOCKREPORT, BLOCKREPORT, REPLICATION_COMPLETED",Normal,NONE
11,2633,"SERVICESTART, DATANODE_REGISTER, BLOCKRECEIVED, TRANSFER, BLOCKRECEIVED, TRANSFER, REPLICATION_COMPLETED",Normal,NONE
11,2676,"SERVICESTART, DATANODE_REGISTER, BLOCKRECEIVED, TRANSFER, BLOCKRECEIVED, TRANSFER, REPLICATION_COMPLETED",Normal,NONE
11,2106,"SERVICESTART, DATANODE_REGISTER, BLOCKRECEIVED, TRANSFER, BLOCKREPORT, BLOCKREPORT, REPLICATION_COMPLETED",Normal,NONE
11,936,"SERVICESTART, DATANODE_REGISTER, BLOCKRECEIVED, TRANSFER, BLOCKREPORT, REPLICATION_COMPLETED",Normal,NONE
11,308,"SERVICESTART, DATANODE_REGISTER, BLOCKRECEIVED, TRANSFER, BLOCKREPORT, REPLICATION_COMPLETED",Normal,NONE
12,2808,"SERVICESTART, DATANODE_REGISTER, BLOCKRECEIVED, TRANSFER, ERROR_NETWORK_TIMEOUT, RETRY, RETRY, REPLICATION_COMPLETED",Anomaly,NETWORK_TIMEOUT
12,892,"SERVICESTART, DATANODE_REGISTER, BLOCKRECEIVED, TRANSFER, BLOCKREPORT, BLOCKREPORT, REPLICATION_COMPLETED",Normal,NONE
12,746,"SERVICESTART, DATANODE_REGISTER, BLOCKRECEIVED, TRANSFER, BLOCKRECEIVED, TRANSFER, REPLICATION_COMPLETED",Normal,NONE
12,1507,"SERVICESTART, DATANODE_REGISTER, BLOCKRECEIVED, TRANSFER, BLOCKRECEIVED, TRANSFER, REPLICATION_COMPLETED",Normal,NONE
12,1952,"SERVICESTART, DATANODE_REGISTER, BLOCKRECEIVED, TRANSFER, BLOCKRECEIVED, TRANSFER, REPLICATION_COMPLETED",Normal,NONE
12,2777,"SERVICESTART, DATANODE_REGISTER, BLOCKRECEIVED, TRANSFER, BLOCKREPORT, BLOCKREPORT, REPLICATION_COMPLETED",Normal,NONE
12,1499,"SERVICESTART, DATANODE_REGISTER, BLOCKRECEIVED, TRANSFER, BLOCKRECEIVED, TRANSFER, REPLICATION_COMPLETED",Normal,NONE
12,2668,"SERVICESTART, DATANODE_REGISTER, BLOCKRECEIVED, TRANSFER, BLOCKREPORT, REPLICATION_COMPLETED",Normal,NONE
12,980,"SERVICESTART, DATANODE_REGISTER, BLOCKRECEIVED, TRANSFER, BLOCKRECEIVED, TRANSFER, REPLICATION_COMPLETED",Normal,NONE
12,2785,"SERVICESTART, DATANODE_REGISTER, BLOCKRECEIVED, TRANSFER, BLOCKRECEIVED, TRANSFER, REPLICATION_COMPLETED",Normal,NONE
12,1833,"SERVICESTART, DATANODE_REGISTER, BLOCKRECEIVED, TRANSFER, BLOCKREPORT, BLOCKREPORT, REPLICATION_COMPLETED",Normal,NONE
12,2240,"SERVICESTART, DATANODE_REGISTER, BLOCKRECEIVED, TRANSFER, BLOCKREPORT, REPLICATION_COMPLETED",Normal,NONE
12,117,"SERVICESTART, DATANODE_REGISTER, BLOCKRECEIVED, TRANSFER, BLOCKRECEIVED, TRANSFER, REPLICATION_COMPLETED",Normal,NONE
12,2119,"SERVICESTART, DATANODE_REGISTER, BLOCKRECEIVED, TRANSFER, BLOCKRECEIVED, TRANSFER, REPLICATION_COMPLETED",Normal,NONE
13,1522,"SERVICESTART, DATANODE_REGISTER, BLOCKRECEIVED, TRANSFER, ERROR_DISK_FAILURE, RECOVERBLOCK, RESTART",Anomaly,DISK_FAILURE
13,1512,"SERVICESTART, DATANODE_REGISTER, BLOCKRECEIVED, TRANSFER, BLOCKREPORT, REPLICATION_COMPLETED",Normal,NONE
13,2810,"SERVICESTART, DATANODE_REGISTER, BLOCKRECEIVED, TRANSFER, BLOCKREPORT, BLOCKREPORT, REPLICATION_COMPLETED",Normal,NONE
13,477,"SERVICESTART, DATANODE_REGISTER, BLOCKRECEIVED, TRANSFER, BLOCKRECEIVED, TRANSFER, REPLICATION_COMPLETED",Normal,NONE
13,352,"SERVICESTART, DATANODE_REGISTER, BLOCKRECEIVED, TRANSFER, BLOCKREPORT, REPLICATION_COMPLETED",Normal,NONE
13,3349,"SERVICESTART, DATANODE_REGISTER, BLOCKRECEIVED, TRANSFER, BLOCKRECEIVED, TRANSFER, REPLICATION_COMPLETED",Normal,NONE
13,197,"SERVICESTART, DATANODE_REGISTER, BLOCKRECEIVED, TRANSFER, BLOCKREPORT, REPLICATION_COMPLETED",Normal,NONE
13,841,"SERVICESTART, DATANODE_REGISTER, BLOCKRECEIVED, TRANSFER, BLOCKREPORT, REPLICATION_COMPLETED",Normal,NONE
13,1856,"SERVICESTART, DATANODE_REGISTER, BLOCKRECEIVED, TRANSFER, BLOCKREPORT, BLOCKREPORT, REPLICATION_COMPLETED",Normal,NONE
13,86,"SERVICESTART, DATANODE_REGISTER, BLOCKRECEIVED, TRANSFER, BLOCKRECEIVED, TRANSFER, REPLICATION_COMPLETED",Normal,NONE
13,2286,"SERVICESTART, DATANODE_REGISTER, BLOCKRECEIVED, TRANSFER, BLOCKREPORT, REPLICATION_COMPLETED",Normal,NONE
13,783,"SERVICESTART, DATANODE_REGISTER, BLOCKRECEIVED, TRANSFER, BLOCKREPORT, BLOCKREPORT, REPLICATION_COMPLETED",Normal,NONE
13,1207,"SERVICESTART, DATANODE_REGISTER, BLOCKRECEIVED, TRANSFER, BLOCKREPORT, BLOCKREPORT, REPLICATION_COMPLETED",Normal,NONE
13,1032,"SERVICESTART, DATANODE_REGISTER, BLOCKRECEIVED, TRANSFER, BLOCKREPORT, REPLICATION_COMPLETED",Normal,NONE
13,540,"SERVICESTART, DATANODE_REGISTER, BLOCKRECEIVED, TRANSFER, BLOCKREPORT, REPLICATION_COMPLETED",Normal,NONE
13,1488,"SERVICESTART, DATANODE_REGISTER, BLOCKRECEIVED, TRANSFER, BLOCKREPORT, REPLICATION_COMPLETED",Normal,NONE
13,991,"SERVICESTART, DATANODE_REGISTER, BLOCKRECEIVED, TRANSFER, BLOCKREPORT, REPLICATION_COMPLETED",Normal,NONE
13,2980,"SERVICESTART, DATANODE_REGISTER, BLOCKRECEIVED, TRANSFER, BLOCKREPORT, BLOCKREPORT, REPLICATION_COMPLETED",Normal,NONE
13,2260,"SERVICESTART, DATANODE_REGISTER, BLOCKRECEIVED, TRANSFER, BLOCKRECEIVED, TRANSFER, REPLICATION_COMPLETED",Normal,NONE
14,2628,"SERVICESTART, DATANODE_REGISTER, BLOCKRECEIVED, TRANSFER, BLOCKREPORT, BLOCKREPORT, REPLICATION_COMPLETED",Normal,NONE
14,2084,"SERVICESTART, DATANODE_REGISTER, BLOCKRECEIVED, TRANSFER, BLOCKREPORT, REPLICATION_COMPLETED",Normal,NONE
14,2593,"SERVICESTART, DATANODE_REGISTER, BLOCKRECEIVED, TRANSFER, BLOCKREPORT, REPLICATION_COMPLETED",Normal,NONE
14,1463,"SERVICESTART, DATANODE_REGISTER, BLOCKRECEIVED, TRANSFER, BLOCKREPORT, BLOCKREPORT, REPLICATION_COMPLETED",Normal,NONE
14,2546,"SERVICESTART, DATANODE_REGISTER, BLOCKRECEIVED, TRANSFER, BLOCKRECEIVED, TRANSFER, REPLICATION_COMPLETED",Normal,NONE
14,3232,"SERVICESTART, DATANODE_REGISTER, BLOCKRECEIVED, TRANSFER, BLOCKREPORT, REPLICATION_COMPLETED",Normal,NONE
14,3498,"SERVICESTART, DATANODE_REGISTER, BLOCKRECEIVED, TRANSFER, BLOCKREPORT, BLOCKREPORT, REPLICATION_COMPLETED",Normal,NONE
14,2036,"SERVICESTART, DATANODE_REGISTER, BLOCKRECEIVED, TRANSFER, BLOCKREPORT, BLOCKREPORT, REPLICATION_COMPLETED",Normal,NONE
14,1257,"SERVICESTART, DATANODE_REGISTER, BLOCKRECEIVED, TRANSFER, BLOCKREPORT, BLOCKREPORT, REPLICATION_COMPLETED",Normal,NONE
14,195,"SERVICESTART, DATANODE_REGISTER, BLOCKRECEIVED, TRANSFER, BLOCKRECEIVED, TRANSFER, REPLICATION_COMPLETED",Normal,NONE
14,2036,"SERVICESTART, DATANODE_REGISTER, BLOCKRECEIVED, TRANSFER, BLOCKRECEIVED, TRANSFER, REPLICATION_COMPLETED",Normal,NONE
15,862,"SERVICESTART, DATANODE_REGISTER, BLOCKRECEIVED, TRANSFER, ERROR_DISK_FAILURE, RECOVERBLOCK, RESTART",Anomaly,DISK_FAILURE
15,319,"SERVICESTART, DATANODE_REGISTER, BLOCKRECEIVED, TRANSFER, BLOCKREPORT, REPLICATION_COMPLETED",Normal,NONE
15,289,"SERVICESTART, DATANODE_REGISTER, BLOCKRECEIVED, TRANSFER, BLOCKRECEIVED, TRANSFER, REPLICATION_COMPLETED",Normal,NONE
15,2933,"SERVICESTART, DATANODE_REGISTER, BLOCKRECEIVED, TRANSFER, BLOCKREPORT, BLOCKREPORT, REPLICATION_COMPLETED",Normal,NONE
15,2956,"SERVICESTART, DATANODE_REGISTER, BLOCKRECEIVED, TRANSFER, BLOCKREPORT, REPLICATION_COMPLETED",Normal,NONE
15,3318,"SERVICESTART, DATANODE_REGISTER, BLOCKRECEIVED, TRANSFER, BLOCKREPORT, BLOCKREPORT, REPLICATION_COMPLETED",Normal,NONE
15,234,"SERVICESTART, DATANODE_REGISTER, BLOCKRECEIVED, TRANSFER, BLOCKRECEIVED, TRANSFER, REPLICATION_COMPLETED",Normal,NONE
15,463,"SERVICESTART, DATANODE_REGISTER, BLOCKRECEIVED, TRANSFER, BLOCKREPORT, BLOCKREPORT, REPLICATION_COMPLETED",Normal,NONE
15,157,"SERVICESTART, DATANODE_REGISTER, BLOCKRECEIVED, TRANSFER, BLOCKREPORT, REPLICATION_COMPLETED",Normal,NONE
15,2663,"SERVICESTART, DATANODE_REGISTER, BLOCKRECEIVED, TRANSFER, BLOCKRECEIVED, TRANSFER, REPLICATION_COMPLETED",Normal,NONE
15,234,"SERVICESTART, DATANODE_REGISTER, BLOCKRECEIVED, TRANSFER, BLOCKRECEIVED, TRANSFER, REPLICATION_COMPLETED",Normal,NONE
15,748,"SERVICESTART, DATANODE_REGISTER, BLOCKRECEIVED, TRANSFER, BLOCKREPORT, BLOCKREPORT, REPLICATION_COMPLETED",Normal,NONE
15,3115,"SERVICESTART, DATANODE_REGISTER, BLOCKRECEIVED, TRANSFER, BLOCKRECEIVED, TRANSFER, REPLICATION_COMPLETED",Normal,NONE
15,119,"SERVICESTART, DATANODE_REGISTER, BLOCKRECEIVED, TRANSFER, BLOCKRECEIVED, TRANSFER, REPLICATION_COMPLETED",Normal,NONE
15,1434,"SERVICESTART, DATANODE_REGISTER, BLOCKRECEIVED, TRANSFER, BLOCKRECEIVED, TRANSFER, REPLICATION_COMPLETED",Normal,NONE
15,2705,"SERVICESTART, DATANODE_REGISTER, BLOCKRECEIVED, TRANSFER, BLOCKREPORT, REPLICATION_COMPLETED",Normal,NONE
15,1744,"SERVICESTART, DATANODE_REGISTER, BLOCKRECEIVED, TRANSFER, BLOCKREPORT, BLOCKREPORT, REPLICATION_COMPLETED",Normal,NONE
15,450,"SERVICESTART, DATANODE_REGISTER, BLOCKRECEIVED, TRANSFER, BLOCKRECEIVED, TRANSFER, REPLICATION_COMPLETED",Normal,NONE
15,396,"SERVICESTART, DATANODE_REGISTER, BLOCKRECEIVED, TRANSFER, BLOCKREPORT, REPLICATION_COMPLETED",Normal,NONE
16,3589,"SERVICESTART, DATANODE_REGISTER, BLOCKRECEIVED, TRANSFER, BLOCKREPORT, BLOCKREPORT, REPLICATION_COMPLETED",Normal,NONE
16,394,"SERVICESTART, DATANODE_REGISTER, BLOCKRECEIVED, TRANSFER, BLOCKRECEIVED, TRANSFER, REPLICATION_COMPLETED",Normal,NONE
16,1523,"SERVICESTART, DATANODE_REGISTER, BLOCKRECEIVED, TRANSFER, BLOCKREPORT, BLOCKREPORT, REPLICATION_COMPLETED",Normal,NONE
16,2638,"SERVICESTART, DATANODE_REGISTER, BLOCKRECEIVED, TRANSFER, BLOCKRECEIVED, TRANSFER, REPLICATION_COMPLETED",Normal,NONE
16,696,"SERVICESTART, DATANODE_REGISTER, BLOCKRECEIVED, TRANSFER, BLOCKREPORT, BLOCKREPORT, REPLICATION_COMPLETED",Normal,NONE
16,2122,"SERVICESTART, DATANODE_REGISTER, BLOCKRECEIVED, TRANSFER, BLOCKREPORT, REPLICATION_COMPLETED",Normal,NONE
16,3355,"SERVICESTART, DATANODE_REGISTER, BLOCKRECEIVED, TRANSFER, BLOCKREPORT, REPLICATION_COMPLETED",Normal,NONE
16,816,"SERVICESTART, DATANODE_REGISTER, BLOCKRECEIVED, TRANSFER, BLOCKREPORT, BLOCKREPORT, REPLICATION_COMPLETED",Normal,NONE
16,3402,"SERVICESTART, DATANODE_REGISTER, BLOCKRECEIVED, TRANSFER, BLOCKREPORT, BLOCKREPORT, REPLICATION_COMPLETED",Normal,NONE
16,1919,"SERVICESTART, DATANODE_REGISTER, BLOCKRECEIVED, TRANSFER, BLOCKREPORT, REPLICATION_COMPLETED",Normal,NONE
16,1071,"SERVICESTART, DATANODE_REGISTER, BLOCKRECEIVED, TRANSFER, BLOCKRECEIVED, TRANSFER, REPLICATION_COMPLETED",Normal,NONE
17,2083,"SERVICESTART, DATANODE_REGISTER, BLOCKRECEIVED, TRANSFER, BLOCKREPORT, REPLICATION_COMPLETED",Normal,NONE
17,2134,"SERVICESTART, DATANODE_REGISTER, BLOCKRECEIVED, TRANSFER, BLOCKRECEIVED, TRANSFER, REPLICATION_COMPLETED",Normal,NONE
17,208,"SERVICESTART, DATANODE_REGISTER, BLOCKRECEIVED, TRANSFER, BLOCKRECEIVED, TRANSFER, REPLICATION_COMPLETED",Normal,NONE
17,3526,"SERVICESTART, DATANODE_REGISTER, BLOCKRECEIVED, TRANSFER, BLOCKREPORT, REPLICATION_COMPLETED",Normal,NONE
17,651,"SERVICESTART, DATANODE_REGISTER, BLOCKRECEIVED, TRANSFER, BLOCKREPORT, REPLICATION_COMPLETED",Normal,NONE
17,1218,"SERVICESTART, DATANODE_REGISTER, BLOCKRECEIVED, TRANSFER, BLOCKREPORT, BLOCKREPORT, REPLICATION_COMPLETED",Normal,NONE
17,1160,"SERVICESTART, DATANODE_REGISTER, BLOCKRECEIVED, TRANSFER, BLOCKRECEIVED, TRANSFER, REPLICATION_COMPLETED",Normal,NONE
17,2839,"SERVICESTART, DATANODE_REGISTER, BLOCKRECEIVED, TRANSFER, BLOCKRECEIVED, TRANSFER, REPLICATION_COMPLETED",Normal,NONE
17,1734,"SERVICESTART, DATANODE_REGISTER, BLOCKRECEIVED, TRANSFER, BLOCKREPORT, BLOCKREPORT, REPLICATION_COMPLETED",Normal,NONE
17,3193,"SERVICESTART, DATANODE_REGISTER, BLOCKRECEIVED, TRANSFER, BLOCKREPORT, REPLICATION_COMPLETED",Normal,NONE
17,2647,"SERVICESTART, DATANODE_REGISTER, BLOCKRECEIVED, TRANSFER, BLOCKRECEIVED, TRANSFER, REPLICATION_COMPLETED",Normal,NONE
17,1777,"SERVICESTART, DATANODE_REGISTER, BLOCKRECEIVED, TRANSFER, BLOCKREPORT, REPLICATION_COMPLETED",Normal,NONE
17,847,"SERVICESTART, DATANODE_REGISTER, BLOCKRECEIVED, TRANSFER, BLOCKREPORT, REPLICATION_COMPLETED",Normal,NONE
17,1844,"SERVICESTART, DATANODE_REGISTER, BLOCKRECEIVED, TRANSFER, BLOCKREPORT, REPLICATION_COMPLETED",Normal,NONE
17,2955,"SERVICESTART, DATANODE_REGISTER, BLOCKRECEIVED, TRANSFER, BLOCKRECEIVED, TRANSFER, REPLICATION_COMPLETED",Normal,NONE
17,3029,"SERVICESTART, DATANODE_REGISTER, BLOCKRECEIVED, TRANSFER, BLOCKREPORT, REPLICATION_COMPLETED",Normal,NONE
17,1449,"SERVICESTART, DATANODE_REGISTER, BLOCKRECEIVED, TRANSFER, BLOCKRECEIVED, TRANSFER, REPLICATION_COMPLETED",Normal,NONE
17,2235,"SERVICESTART, DATANODE_REGISTER, BLOCKRECEIVED, TRANSFER, BLOCKRECEIVED, TRANSFER, REPLICATION_COMPLETED",Normal,NONE
18,1844,"SERVICESTART, DATANODE_REGISTER, BLOCKRECEIVED, TRANSFER, ERROR_DISK_FAILURE, RECOVERBLOCK, RESTART",Anomaly,DISK_FAILURE
18,859,"SERVICESTART, DATANODE_REGISTER, BLOCKRECEIVED, TRANSFER, BLOCKREPORT, BLOCKREPORT, REPLICATION_COMPLETED",Normal,NONE
18,385,"SERVICESTART, DATANODE_REGISTER, BLOCKRECEIVED, TRANSFER, BLOCKREPORT, REPLICATION_COMPLETED",Normal,NONE
18,3030,"SERVICESTART, DATANODE_REGISTER, BLOCKRECEIVED, TRANSFER, BLOCKREPORT, BLOCKREPORT, REPLICATION_COMPLETED",Normal,NONE
18,539,"SERVICESTART, DATANODE_REGISTER, BLOCKRECEIVED, TRANSFER, BLOCKREPORT, BLOCKREPORT, REPLICATION_COMPLETED",Normal,NONE
18,2953,"SERVICESTART, DATANODE_REGISTER, BLOCKRECEIVED, TRANSFER, BLOCKREPORT, BLOCKREPORT, REPLICATION_COMPLETED",Normal,NONE
18,2292,"SERVICESTART, DATANODE_REGISTER, BLOCKRECEIVED, TRANSFER, BLOCKREPORT, REPLICATION_COMPLETED",Normal,NONE
18,655,"SERVICESTART, DATANODE_REGISTER, BLOCKRECEIVED, TRANSFER, BLOCKREPORT, BLOCKREPORT, REPLICATION_COMPLETED",Normal,NONE
18,1993,"SERVICESTART, DATANODE_REGISTER, BLOCKRECEIVED, TRANSFER, BLOCKREPORT, REPLICATION_COMPLETED",Normal,NONE
18,918,"SERVICESTART, DATANODE_REGISTER, BLOCKRECEIVED, TRANSFER, BLOCKREPORT, REPLICATION_COMPLETED",Normal,NONE
18,1743,"SERVICESTART, DATANODE_REGISTER, BLOCKRECEIVED, TRANSFER, BLOCKREPORT, REPLICATION_COMPLETED",Normal,NONE
18,1306,"SERVICESTART, DATANODE_REGISTER, BLOCKRECEIVED, TRANSFER, BLOCKREPORT, BLOCKREPORT, REPLICATION_COMPLETED",Normal,NONE
18,658,"SERVICESTART, DATANODE_REGISTER, BLOCKRECEIVED, TRANSFER, BLOCKREPORT, BLOCKREPORT, REPLICATION_COMPLETED",Normal,NONE
18,2403,"SERVICESTART, DATANODE_REGISTER, BLOCKRECEIVED, TRANSFER, BLOCKREPORT, REPLICATION_COMPLETED",Normal,NONE
19,1163,"SERVICESTART, DATANODE_REGISTER, BLOCKRECEIVED, TRANSFER, BLOCKREPORT, BLOCKREPORT, REPLICATION_COMPLETED",Normal,NONE
19,3248,"SERVICESTART, DATANODE_REGISTER, BLOCKRECEIVED, TRANSFER, BLOCKREPORT, BLOCKREPORT, REPLICATION_COMPLETED",Normal,NONE
19,565,"SERVICESTART, DATANODE_REGISTER, BLOCKRECEIVED, TRANSFER, BLOCKRECEIVED, TRANSFER, REPLICATION_COMPLETED",Normal,NONE
19,1214,"SERVICESTART, DATANODE_REGISTER, BLOCKRECEIVED, TRANSFER, BLOCKREPORT, BLOCKREPORT, REPLICATION_COMPLETED",Normal,NONE
19,2731,"SERVICESTART, DATANODE_REGISTER, BLOCKRECEIVED, TRANSFER, BLOCKRECEIVED, TRANSFER, REPLICATION_COMPLETED",Normal,NONE
19,1061,"SERVICESTART, DATANODE_REGISTER, BLOCKRECEIVED, TRANSFER, BLOCKREPORT, BLOCKREPORT, REPLICATION_COMPLETED",Normal,NONE
19,2422,"SERVICESTART, DATANODE_REGISTER, BLOCKRECEIVED, TRANSFER, BLOCKREPORT, BLOCKREPORT, REPLICATION_COMPLETED",Normal,NONE
19,265,"SERVICESTART, DATANODE_REGISTER, BLOCKRECEIVED, TRANSFER, BLOCKREPORT, REPLICATION_COMPLETED",Normal,NONE
19,1315,"SERVICESTART, DATANODE_REGISTER, BLOCKRECEIVED, TRANSFER, BLOCKREPORT, BLOCKREPORT, REPLICATION_COMPLETED",Normal,NONE
19,1960,"SERVICESTART, DATANODE_REGISTER, BLOCKRECEIVED, TRANSFER, BLOCKREPORT, REPLICATION_COMPLETED",Normal,NONE
19,3435,"SERVICESTART, DATANODE_REGISTER, BLOCKRECEIVED, TRANSFER, BLOCKREPORT, REPLICATION_COMPLETED",Normal,NONE
19,1955,"SERVICESTART, DATANODE_REGISTER, BLOCKRECEIVED, TRANSFER, BLOCKRECEIVED, TRANSFER, REPLICATION_COMPLETED",Normal,NONE
19,2951,"SERVICESTART, DATANODE_REGISTER, BLOCKRECEIVED, TRANSFER, BLOCKREPORT, REPLICATION_COMPLETED",Normal,NONE
19,1129,"SERVICESTART, DATANODE_REGISTER, BLOCKRECEIVED, TRANSFER, BLOCKRECEIVED, TRANSFER, REPLICATION_COMPLETED",Normal,NONE
19,2859,"SERVICESTART, DATANODE_REGISTER, BLOCKRECEIVED, TRANSFER, BLOCKREPORT, REPLICATION_COMPLETED",Normal,NONE
19,1655,"SERVICESTART, DATANODE_REGISTER, BLOCKRECEIVED, TRANSFER, BLOCKRECEIVED, TRANSFER, REPLICATION_COMPLETED",Normal,NONE
19,3271,"SERVICESTART, DATANODE_REGISTER, BLOCKRECEIVED, TRANSFER, BLOCKREPORT, REPLICATION_COMPLETED",Normal,NONE
19,3123,"SERVICESTART, DATANODE_REGISTER, BLOCKRECEIVED, TRANSFER, BLOCKREPORT, REPLICATION_COMPLETED",Normal,NONE
19,2619,"SERVICESTART, DATANODE_REGISTER, BLOCKRECEIVED, TRANSFER, BLOCKRECEIVED, TRANSFER, REPLICATION_COMPLETED",Normal,NONE
