block_id,event_sequence,label
blk_123456,"SERVICESTART, DATANODE_REGISTER, BLOCKRECEIVED, TRANSFER, BLOCKRECEIVED, TRANSFER, REPLICATION_COMPLETED",Normal
blk_123457,"SERVICESTART, DATANODE_REGISTER, BLOCKRECEIVED, TRANSFER, BLOCKRECEIVED, TRANSFER, ERROR_IO_EXCEPTION, RESTART",Anomaly
blk_123458,"SERVICESTART, DATANODE_REGISTER, BLOCKRECEIVED, TRANSFER, BLOCKREPORT, BLOCKREPORT, REPLICATION_COMPLETED",Normal
blk_123459,"SERVICESTART, DATANODE_REGISTER, BLOCKRECEIVED, TRANSFER, ERROR_CHECKSUM_MISMATCH, RECOVERBLOCK, RECOVERBLOCK, REPLICATION_COMPLETED",Anomaly
blk_123460,"SERVICESTART, DATANODE_REGISTER, BLOCKRECEIVED, TRANSFER, BLOCKREPORT, BLOCKREPORT, REPLICATION_COMPLETED",Normal
blk_123461,"SERVICESTART, DATANODE_REGISTER, BLOCKRECEIVED, TRANSFER, ERROR_LEASE_EXPIRED, RECOVERBLOCK, ERROR_RESTART, RESTART",Anomaly
blk_123462,"SERVICESTART, DATANODE_REGISTER, BLOCKRECEIVED, TRANSFER, BLOCKREPORT, BLOCKREPORT, REPLICATION_COMPLETED",Normal
blk_123463,"SERVICESTART, DATANODE_REGISTER, BLOCKRECEIVED, ERROR_IO_EXCEPTION, RESTART, RECOVERBLOCK, REPLICATION_COMPLETED",Anomaly
blk_123464,"SERVICESTART, DATANODE_REGISTER, BLOCKRECEIVED, TRANSFER, BLOCKREPORT, REPLICATION_COMPLETED",Normal
blk_123465,"SERVICESTART, DATANODE_REGISTER, BLOCKRECEIVED, TRANSFER, ERROR_DISK_FAILURE, RECOVERBLOCK, RESTART",Anomaly
blk_123466,"SERVICESTART, DATANODE_REGISTER, BLOCKRECEIVED, TRANSFER, BLOCKREPORT, REPLICATION_COMPLETED",Normal
blk_123467,"SERVICESTART, DATANODE_REGISTER, BLOCKRECEIVED, TRANSFER, ERROR_NETWORK_TIMEOUT, RETRY, RETRY, REPLICATION_COMPLETED",Anomaly
blk_123468,"SERVICESTART, DATANODE_REGISTER, BLOCKRECEIVED, TRANSFER, BLOCKREPORT, REPLICATION_COMPLETED",Normal
blk_123469,"SERVICESTART, DATANODE_REGISTER, BLOCKRECEIVED, TRANSFER, ERROR_RESTART, RECOVERBLOCK, BLOCKREPORT, REPLICATION_COMPLETED",Anomaly
blk_123470,"SERVICESTART, DATANODE_REGISTER, BLOCKRECEIVED, TRANSFER, BLOCKREPORT, REPLICATION_COMPLETED",Normal
blk_123471,"SERVICESTART, DATANODE_REGISTER, BLOCKRECEIVED, TRANSFER, ERROR_IO_EXCEPTION, RESTART, RECOVERBLOCK",Anomaly
blk_123472,"SERVICESTART, DATANODE_REGISTER, BLOCKRECEIVED, TRANSFER, BLOCKREPORT, BLOCKREPORT, REPLICATION_COMPLETED",Normal
blk_123473,"SERVICESTART, DATANODE_REGISTER, BLOCKRECEIVED, TRANSFER, ERROR_CHECKSUM_MISMATCH, RECOVERBLOCK, REPLICATION_COMPLETED",Anomaly
blk_123474,"SERVICESTART, DATANODE_REGISTER, BLOCKRECEIVED, TRANSFER, BLOCKREPORT, REPLICATION_COMPLETED",Normal
blk_123475,"SERVICESTART, DATANODE_REGISTER, BLOCKRECEIVED, TRANSFER, ERROR_DISK_FAILURE, RECOVERBLOCK, RESTART",Anomaly
blk_123476,"SERVICESTART, DATANODE_REGISTER, BLOCKRECEIVED, TRANSFER, BLOCKREPORT, REPLICATION_COMPLETED",Normal
blk_123477,"SERVICESTART, DATANODE_REGISTER, BLOCKRECEIVED, TRANSFER, ERROR_IO_EXCEPTION, RESTART, RECOVERBLOCK",Anomaly
blk_123478,"SERVICESTART, DATANODE_REGISTER, BLOCKRECEIVED, TRANSFER, BLOCKREPORT, BLOCKREPORT, REPLICATION_COMPLETED",Normal
blk_123479,"SERVICESTART, DATANODE_REGISTER, BLOCKRECEIVED, TRANSFER, ERROR_NETWORK_TIMEOUT, RETRY, REPLICATION_COMPLETED",Anomaly
blk_123480,"SERVICESTART, DATANODE_REGISTER, BLOCKRECEIVED, TRANSFER, BLOCKREPORT, REPLICATION_COMPLETED",Normal